﻿<?xml version="1.0" encoding="utf-8"?>
<?xml-stylesheet type="text/xsl" href="c:\program files (x86)\microsoft visual studio\2017\enterprise\team tools\static analysis tools\fxcop\Xml\CodeAnalysisReport.xsl"?>
<FxCopReport Version="15.0">
 <Targets>
  <Target Name="C:\Users\adamy\Desktop\UOFLauncher\UOFLauncher\bin\Debug\UOFLauncher.exe">
   <Modules>
    <Module Name="uoflauncher.exe">
     <Namespaces>
      <Namespace Name="UOFLauncher">
       <Types>
        <Type Name="App" Kind="Class" Accessibility="Public" ExternallyVisible="True">
         <Messages>
          <Message TypeName="TypesThatOwnDisposableFieldsShouldBeDisposable" Category="Microsoft.Design" CheckId="CA1001" Status="Active" Created="2018-12-31 22:09:52Z" FixCategory="DependsOnFix">
           <Issue Name="DependsOnFix" Certainty="95" Level="CriticalError">Implement IDisposable on 'App' because it creates members of the following IDisposable types: 'Mutex'. If 'App' has previously shipped, adding new members that implement IDisposable to this type is considered a breaking change to existing consumers.</Issue>
          </Message>
         </Messages>
         <Members>
          <Member Name="#SetForegroundWindow(System.IntPtr)" Kind="Method" Static="True" Accessibility="Private" ExternallyVisible="False">
           <Messages>
            <Message TypeName="MovePInvokesToNativeMethodsClass" Category="Microsoft.Design" CheckId="CA1060" Status="Active" Created="2018-12-31 22:09:52Z" FixCategory="Breaking">
             <Issue Certainty="95" Level="CriticalWarning">Because it is a P/Invoke method, 'App.SetForegroundWindow(IntPtr)' should be defined in a class named NativeMethods, SafeNativeMethods, or UnsafeNativeMethods.</Issue>
            </Message>
           </Messages>
          </Member>
          <Member Name="#ShowWindow(System.IntPtr,System.Int32)" Kind="Method" Static="True" Accessibility="Private" ExternallyVisible="False">
           <Messages>
            <Message TypeName="MovePInvokesToNativeMethodsClass" Category="Microsoft.Design" CheckId="CA1060" Status="Active" Created="2018-12-31 22:09:52Z" FixCategory="Breaking">
             <Issue Certainty="95" Level="CriticalWarning">Because it is a P/Invoke method, 'App.ShowWindow(IntPtr, int)' should be defined in a class named NativeMethods, SafeNativeMethods, or UnsafeNativeMethods.</Issue>
            </Message>
           </Messages>
          </Member>
         </Members>
        </Type>
       </Types>
      </Namespace>
      <Namespace Name="UOFLauncher.Classes">
       <Types>
        <Type Name="EventController" Kind="Class" Accessibility="Public" ExternallyVisible="True">
         <Members>
          <Member Name="#DownloadsCompleted" Kind="Event" Static="True" Accessibility="Public" ExternallyVisible="True">
           <Messages>
            <Message TypeName="DeclareEventHandlersCorrectly" Category="Microsoft.Design" CheckId="CA1009" Status="Active" Created="2018-12-31 22:09:52Z" FixCategory="Breaking">
             <Issue Name="First" Certainty="95" Level="Error">Declare the first parameter of 'DownloadsCompletedEventHandler' as an object named 'sender'.</Issue>
             <Issue Name="Second" Certainty="95" Level="Error">Declare the second parameter of 'DownloadsCompletedEventHandler' as an EventArgs, or an instance of a type that extends EventArgs, named 'e'.</Issue>
            </Message>
           </Messages>
          </Member>
          <Member Name="#UpdatesRetrieved" Kind="Event" Static="True" Accessibility="Public" ExternallyVisible="True">
           <Messages>
            <Message TypeName="DeclareEventHandlersCorrectly" Category="Microsoft.Design" CheckId="CA1009" Status="Active" Created="2018-12-31 22:09:52Z" FixCategory="Breaking">
             <Issue Name="First" Certainty="95" Level="Error">Declare the first parameter of 'UpdatesRetrievedEventHandler' as an object named 'sender'.</Issue>
             <Issue Name="Second" Certainty="95" Level="Error">Declare the second parameter of 'UpdatesRetrievedEventHandler' as an EventArgs, or an instance of a type that extends EventArgs, named 'e'.</Issue>
            </Message>
           </Messages>
          </Member>
         </Members>
        </Type>
        <Type Name="FolderSelectDialog" Kind="Class" Accessibility="Public" ExternallyVisible="True">
         <Messages>
          <Message TypeName="TypesThatOwnDisposableFieldsShouldBeDisposable" Category="Microsoft.Design" CheckId="CA1001" Status="Active" Created="2018-12-31 22:09:52Z" FixCategory="DependsOnFix">
           <Issue Name="DependsOnFix" Certainty="95" Level="CriticalError">Implement IDisposable on 'FolderSelectDialog' because it creates members of the following IDisposable types: 'OpenFileDialog'. If 'FolderSelectDialog' has previously shipped, adding new members that implement IDisposable to this type is considered a breaking change to existing consumers.</Issue>
          </Message>
         </Messages>
        </Type>
        <Type Name="Utility" Kind="Class" Accessibility="Assembly" ExternallyVisible="False">
         <Members>
          <Member Name="#CreateFileFromResource(System.String,System.String,System.Boolean)" Kind="Method" Static="True" Accessibility="Public" ExternallyVisible="False">
           <Messages>
            <Message TypeName="Do not dispose objects multiple times" Category="Microsoft.Usage" CheckId="CA2202" Status="Active" Created="2018-12-31 22:09:52Z" FixCategory="DependsOnFix">
             <Issue Certainty="75" Level="Warning" Path="C:\Users\adamy\Desktop\UOFLauncher\UOFLauncher\Classes" File="Utility.cs" Line="109">Object 'stream' can be disposed more than once in method 'Utility.CreateFileFromResource(string, string, bool)'. To avoid generating a System.ObjectDisposedException you should not call Dispose more than one time on an object.: Lines: 109</Issue>
            </Message>
           </Messages>
          </Member>
         </Members>
        </Type>
        <Type Name="Win32Imports" Kind="Class" Accessibility="Assembly" ExternallyVisible="False">
         <Members>
          <Member Name="#FindWindow(System.IntPtr,System.String)" Kind="Method" Static="True" Accessibility="Public" ExternallyVisible="False">
           <Messages>
            <Message TypeName="MovePInvokesToNativeMethodsClass" Category="Microsoft.Design" CheckId="CA1060" Status="Active" Created="2018-12-31 22:09:52Z" FixCategory="Breaking">
             <Issue Certainty="95" Level="CriticalWarning">Because it is a P/Invoke method, 'Win32Imports.FindWindow(IntPtr, string)' should be defined in a class named NativeMethods, SafeNativeMethods, or UnsafeNativeMethods.</Issue>
            </Message>
            <Message Id="1" TypeName="SpecifyMarshalingForPInvokeStringArguments" Category="Microsoft.Globalization" CheckId="CA2101" Status="Active" Created="2018-12-31 22:09:52Z" FixCategory="NonBreaking">
             <Issue Name="ParameterImplicitAnsi" Certainty="75" Level="Error">To reduce security risk, marshal parameter 'lpWindowName' as Unicode, by setting DllImport.CharSet to CharSet.Unicode, or by explicitly marshaling the parameter as UnmanagedType.LPWStr. If you need to marshal this string as ANSI or system-dependent, specify MarshalAs explicitly, and set BestFitMapping=false; for added security, also set ThrowOnUnmappableChar=true.</Issue>
            </Message>
           </Messages>
          </Member>
          <Member Name="#GetForegroundWindow()" Kind="Method" Static="True" Accessibility="Public" ExternallyVisible="False">
           <Messages>
            <Message TypeName="MovePInvokesToNativeMethodsClass" Category="Microsoft.Design" CheckId="CA1060" Status="Active" Created="2018-12-31 22:09:52Z" FixCategory="Breaking">
             <Issue Certainty="95" Level="CriticalWarning">Because it is a P/Invoke method, 'Win32Imports.GetForegroundWindow()' should be defined in a class named NativeMethods, SafeNativeMethods, or UnsafeNativeMethods.</Issue>
            </Message>
           </Messages>
          </Member>
          <Member Name="#GetProcAddress(System.IntPtr,System.String)" Kind="Method" Static="True" Accessibility="Public" ExternallyVisible="False">
           <Messages>
            <Message TypeName="MovePInvokesToNativeMethodsClass" Category="Microsoft.Design" CheckId="CA1060" Status="Active" Created="2018-12-31 22:09:52Z" FixCategory="Breaking">
             <Issue Certainty="95" Level="CriticalWarning">Because it is a P/Invoke method, 'Win32Imports.GetProcAddress(IntPtr, string)' should be defined in a class named NativeMethods, SafeNativeMethods, or UnsafeNativeMethods.</Issue>
            </Message>
            <Message Id="1" TypeName="SpecifyMarshalingForPInvokeStringArguments" Category="Microsoft.Globalization" CheckId="CA2101" Status="Active" Created="2018-12-31 22:09:52Z" FixCategory="NonBreaking">
             <Issue Name="ParameterImplicitAnsi" Certainty="75" Level="Error">To reduce security risk, marshal parameter 'procedureName' as Unicode, by setting DllImport.CharSet to CharSet.Unicode, or by explicitly marshaling the parameter as UnmanagedType.LPWStr. If you need to marshal this string as ANSI or system-dependent, specify MarshalAs explicitly, and set BestFitMapping=false; for added security, also set ThrowOnUnmappableChar=true.</Issue>
            </Message>
           </Messages>
          </Member>
          <Member Name="#GetWindowText(System.IntPtr,System.Text.StringBuilder,System.Int32)" Kind="Method" Static="True" Accessibility="Public" ExternallyVisible="False">
           <Messages>
            <Message TypeName="MovePInvokesToNativeMethodsClass" Category="Microsoft.Design" CheckId="CA1060" Status="Active" Created="2018-12-31 22:09:52Z" FixCategory="Breaking">
             <Issue Certainty="95" Level="CriticalWarning">Because it is a P/Invoke method, 'Win32Imports.GetWindowText(IntPtr, StringBuilder, int)' should be defined in a class named NativeMethods, SafeNativeMethods, or UnsafeNativeMethods.</Issue>
            </Message>
           </Messages>
          </Member>
          <Member Name="#GetWindowTextLength(System.IntPtr)" Kind="Method" Static="True" Accessibility="Public" ExternallyVisible="False">
           <Messages>
            <Message TypeName="MovePInvokesToNativeMethodsClass" Category="Microsoft.Design" CheckId="CA1060" Status="Active" Created="2018-12-31 22:09:52Z" FixCategory="Breaking">
             <Issue Certainty="95" Level="CriticalWarning">Because it is a P/Invoke method, 'Win32Imports.GetWindowTextLength(IntPtr)' should be defined in a class named NativeMethods, SafeNativeMethods, or UnsafeNativeMethods.</Issue>
            </Message>
           </Messages>
          </Member>
          <Member Name="#LoadLibrary(System.String)" Kind="Method" Static="True" Accessibility="Public" ExternallyVisible="False">
           <Messages>
            <Message TypeName="MovePInvokesToNativeMethodsClass" Category="Microsoft.Design" CheckId="CA1060" Status="Active" Created="2018-12-31 22:09:52Z" FixCategory="Breaking">
             <Issue Certainty="95" Level="CriticalWarning">Because it is a P/Invoke method, 'Win32Imports.LoadLibrary(string)' should be defined in a class named NativeMethods, SafeNativeMethods, or UnsafeNativeMethods.</Issue>
            </Message>
            <Message Id="0" TypeName="SpecifyMarshalingForPInvokeStringArguments" Category="Microsoft.Globalization" CheckId="CA2101" Status="Active" Created="2018-12-31 22:09:52Z" FixCategory="NonBreaking">
             <Issue Name="ParameterImplicitAnsi" Certainty="75" Level="Error">To reduce security risk, marshal parameter 'dllToLoad' as Unicode, by setting DllImport.CharSet to CharSet.Unicode, or by explicitly marshaling the parameter as UnmanagedType.LPWStr. If you need to marshal this string as ANSI or system-dependent, specify MarshalAs explicitly, and set BestFitMapping=false; for added security, also set ThrowOnUnmappableChar=true.</Issue>
            </Message>
           </Messages>
          </Member>
         </Members>
        </Type>
       </Types>
      </Namespace>
      <Namespace Name="UOFLauncher.Models">
       <Types>
        <Type Name="Updates" Kind="Class" Accessibility="Public" ExternallyVisible="True">
         <Members>
          <Member Name="#.ctor()" Kind="Method" Static="False" Accessibility="Public" ExternallyVisible="True">
           <Messages>
            <Message TypeName="DoNotCallOverridableMethodsInConstructors" Category="Microsoft.Usage" CheckId="CA2214" Status="Active" Created="2018-12-31 22:09:52Z" FixCategory="NonBreaking">
             <Issue Certainty="95" Level="CriticalWarning" Path="C:\Users\adamy\Desktop\UOFLauncher\UOFLauncher\Models" File="Updates.cs" Line="42">'Updates.Updates()' contains a call chain that results in a call to a virtual method defined by the class. Review the following call stack for unintended consequences: &#xD;&#xA;&#xD;&#xA;Updates..ctor()&#xD;&#xA;Updates.set_UpdatesCollection(BindingList&lt;UpdateObject&gt;):Void&#xD;&#xA;ObservableObject.RaisePropertyChanged(String):Void</Issue>
            </Message>
           </Messages>
          </Member>
         </Members>
        </Type>
       </Types>
      </Namespace>
      <Namespace Name="UOFLauncher.ViewModels">
       <Types>
        <Type Name="LauncherUpdate_ViewModel" Kind="Class" Accessibility="Public" ExternallyVisible="True">
         <Members>
          <Member Name="#.ctor()" Kind="Method" Static="False" Accessibility="Public" ExternallyVisible="True">
           <Messages>
            <Message TypeName="DoNotCallOverridableMethodsInConstructors" Category="Microsoft.Usage" CheckId="CA2214" Status="Active" Created="2018-12-31 22:09:52Z" FixCategory="NonBreaking">
             <Issue Certainty="95" Level="CriticalWarning" Path="C:\Users\adamy\Desktop\UOFLauncher\UOFLauncher\ViewModels" File="LauncherUpdate_ViewModel.cs" Line="19">'LauncherUpdate_ViewModel.LauncherUpdate_ViewModel()' contains a call chain that results in a call to a virtual method defined by the class. Review the following call stack for unintended consequences: &#xD;&#xA;&#xD;&#xA;LauncherUpdate_ViewModel..ctor()&#xD;&#xA;LauncherUpdate_ViewModel.set_IsIndeterminate(Boolean):Void&#xD;&#xA;ObservableObject.RaisePropertyChanged(String):Void</Issue>
            </Message>
           </Messages>
          </Member>
         </Members>
        </Type>
        <Type Name="NavBar_ViewModel" Kind="Class" Accessibility="Public" ExternallyVisible="True">
         <Members>
          <Member Name="#.ctor()" Kind="Method" Static="False" Accessibility="Public" ExternallyVisible="True">
           <Messages>
            <Message TypeName="DoNotCallOverridableMethodsInConstructors" Category="Microsoft.Usage" CheckId="CA2214" Status="Active" Created="2018-12-31 22:09:52Z" FixCategory="NonBreaking">
             <Issue Certainty="95" Level="CriticalWarning" Path="C:\Users\adamy\Desktop\UOFLauncher\UOFLauncher\ViewModels" File="NavBar_ViewModel.cs" Line="12">'NavBar_ViewModel.NavBar_ViewModel()' contains a call chain that results in a call to a virtual method defined by the class. Review the following call stack for unintended consequences: &#xD;&#xA;&#xD;&#xA;NavBar_ViewModel..ctor()&#xD;&#xA;NavBar_ViewModel.set_ShowUOPlay(String):Void&#xD;&#xA;ObservableObject.RaisePropertyChanged(String):Void</Issue>
            </Message>
           </Messages>
          </Member>
         </Members>
        </Type>
       </Types>
      </Namespace>
     </Namespaces>
    </Module>
   </Modules>
  </Target>
 </Targets>
 <Rules>
  <Rule TypeName="DeclareEventHandlersCorrectly" Category="Microsoft.Design" CheckId="CA1009">
   <Name>Declare event handlers correctly</Name>
   <Description>By convention, .NET events have two parameters that specify the event sender and event data. Event handler signatures should follow this form: void MyEventHandler(object sender, EventArgs e). The 'sender' parameter is always of type System.Object, even if it is possible to employ a more specific type. The 'e' parameter is always of type System.EventArgs. Events that do not provide event data should use the System.EventHandler delegate type. Event handlers return void so that they can send each event to multiple target methods. Any value returned by a target would be lost after the first call.</Description>
   <Resolution Name="First">Declare the first parameter of {0} as an object named 'sender'.</Resolution>
   <Resolution Name="Second">Declare the second parameter of {0} as an EventArgs, or an instance of a type that extends EventArgs, named 'e'.</Resolution>
   <Owner />
   <Url>http://msdn.microsoft.com/library/ms182133.aspx</Url>
   <Email>[none]</Email>
   <MessageLevel Certainty="95">Error</MessageLevel>
   <File Name="designrules.dll" Version="15.0.0.0" />
  </Rule>
  <Rule TypeName="Do not dispose objects multiple times" Category="Microsoft.Usage" CheckId="CA2202">
   <Name>Do not dispose objects multiple times</Name>
   <Description>A correctly implemented Dispose method can be called multiple times without throwing an exception. However, this is not guaranteed and to avoid generating a System.ObjectDisposedException you should not call Dispose more than one time on an object.</Description>
   <Resolution Name="Default">Object {0} can be disposed more than once in method {1}. To avoid generating a System.ObjectDisposedException you should not call Dispose more than one time on an object.: Lines: 109</Resolution>
   <Owner>RuleOwner</Owner>
   <Url>http://msdn.microsoft.com/library/ms182334.aspx</Url>
   <Email />
   <MessageLevel Certainty="75">Warning</MessageLevel>
   <File Name="dataflowrules.dll" Version="15.0.0.0" />
  </Rule>
  <Rule TypeName="DoNotCallOverridableMethodsInConstructors" Category="Microsoft.Usage" CheckId="CA2214">
   <Name>Do not call overridable methods in constructors</Name>
   <Description>Virtual methods defined on the class should not be called from constructors. If a derived class has overridden the method, the derived class version will be called (before the derived class constructor is called).</Description>
   <Resolution Name="Default">{0} contains a call chain that results in a call to a virtual method defined by the class. Review the following call stack for unintended consequences: {1}</Resolution>
   <Owner />
   <Url>http://msdn.microsoft.com/library/ms182331.aspx</Url>
   <Email>[none]</Email>
   <MessageLevel Certainty="95">CriticalWarning</MessageLevel>
   <File Name="usagerules.dll" Version="15.0.0.0" />
  </Rule>
  <Rule TypeName="MovePInvokesToNativeMethodsClass" Category="Microsoft.Design" CheckId="CA1060">
   <Name>Move P/Invokes to NativeMethods class</Name>
   <Description>This type contains members with the DllImport attribute. Members with the DllImport attribute should be contained in classes named NativeMethods, SafeNativeMethods, or UnsafeNativeMethods.</Description>
   <Resolution Name="Default">Because it is a P/Invoke method, {0} should be defined in a class named NativeMethods, SafeNativeMethods, or UnsafeNativeMethods.</Resolution>
   <Owner />
   <Url>http://msdn.microsoft.com/library/ms182161.aspx</Url>
   <Email>[none]</Email>
   <MessageLevel Certainty="95">CriticalWarning</MessageLevel>
   <File Name="designrules.dll" Version="15.0.0.0" />
  </Rule>
  <Rule TypeName="SpecifyMarshalingForPInvokeStringArguments" Category="Microsoft.Globalization" CheckId="CA2101">
   <Name>Specify marshaling for P/Invoke string arguments</Name>
   <Description>When marshaling strings as ANSI (or as Auto on Win9x), some characters may be changed. If best-fit mapping is on, strings that appear different in Unicode will be marshaled to identical ANSI strings, which may lead to incorrect security decisions. Turning best-fit mapping off reduces this risk, as all characters without equivalents are mapped to '?'. Also, note that CharSet.Ansi is the default setting for all string marshaling; Unicode marshaling must be specified explicitly, either as a CharSet setting of DllImport or StructLayout, or as a MarshalAs attribute with a Unicode (or system-dependent) UnmanagedType.</Description>
   <Resolution Name="ParameterImplicitAnsi">To reduce security risk, marshal parameter {0} as Unicode, by setting DllImport.CharSet to CharSet.Unicode, or by explicitly marshaling the parameter as UnmanagedType.LPWStr. If you need to marshal this string as ANSI or system-dependent, specify MarshalAs explicitly, and set BestFitMapping=false; for added security, also set ThrowOnUnmappableChar=true.</Resolution>
   <Owner />
   <Url>http://msdn.microsoft.com/library/ms182319.aspx</Url>
   <Email>[none]</Email>
   <MessageLevel Certainty="75">Error</MessageLevel>
   <File Name="globalizationrules.dll" Version="15.0.0.0" />
  </Rule>
  <Rule TypeName="TypesThatOwnDisposableFieldsShouldBeDisposable" Category="Microsoft.Design" CheckId="CA1001">
   <Name>Types that own disposable fields should be disposable</Name>
   <Description>Types that declare disposable members should also implement IDisposable. If the type does not own any unmanaged resources, do not implement a finalizer on it.</Description>
   <Resolution Name="DependsOnFix">Implement IDisposable on {0} because it creates members of the following IDisposable types: {1}. If {0} has previously shipped, adding new members that implement IDisposable to this type is considered a breaking change to existing consumers.</Resolution>
   <Owner />
   <Url>http://msdn.microsoft.com/library/ms182172.aspx</Url>
   <Email>[none]</Email>
   <MessageLevel Certainty="95">CriticalError</MessageLevel>
   <File Name="designrules.dll" Version="15.0.0.0" />
  </Rule>
 </Rules>
 <Localized>
  <String Key="Category">Category</String>
  <String Key="Certainty">Certainty</String>
  <String Key="CollapseAll">Collapse All</String>
  <String Key="CheckId">Check Id</String>
  <String Key="Error">Error</String>
  <String Key="Errors">error(s)</String>
  <String Key="ExpandAll">Expand All</String>
  <String Key="Help">Help</String>
  <String Key="Line">Line</String>
  <String Key="Messages">message(s)</String>
  <String Key="LocationNotStoredInPdb">[Location not stored in Pdb]</String>
  <String Key="Project">Project</String>
  <String Key="Resolution">Resolution</String>
  <String Key="Rule">Rule</String>
  <String Key="RuleFile">Rule File</String>
  <String Key="RuleDescription">Rule Description</String>
  <String Key="Source">Source</String>
  <String Key="Status">Status</String>
  <String Key="Target">Target</String>
  <String Key="Warning">Warning</String>
  <String Key="Warnings">warning(s)</String>
  <String Key="ReportTitle">Code Analysis Report</String>
 </Localized>
</FxCopReport>
